2000, 100, 0.006005
2000, 200, 0.012246
2000, 300, 0.018438
2000, 400, 0.024567
2000, 500, 0.030699
2000, 600, 0.036943
2000, 700, 0.043657
2000, 800, 0.050053
2000, 900, 0.056922
2000, 1000, 0.064337
2000, 1100, 0.059755
2000, 1200, 0.062708
2000, 1300, 0.066085
2000, 1400, 0.068971
2000, 1500, 0.072856
2000, 1600, 0.077436
2000, 1700, 0.077997
2000, 1800, 0.081716
2000, 1900, 0.083860
2000, 2000, 0.088775
2000, 2100, 0.092663
2000, 2200, 0.100773
2000, 2300, 0.102902
2000, 2400, 0.104462
2000, 2500, 0.108868
2000, 2600, 0.111464
2000, 2700, 0.114427
2000, 2800, 0.118089
2000, 2900, 0.125912
2000, 3000, 0.125469
2000, 3100, 0.128312
2000, 3200, 0.132423
2000, 3300, 0.135114
2000, 3400, 0.131357
2000, 3500, 0.143922
2000, 3600, 0.147538
2000, 3700, 0.148518
2000, 3800, 0.154087
2000, 3900, 0.154673
2000, 4000, 0.157949
2000, 4100, 0.164149
2000, 4200, 0.166661
2000, 4300, 0.169583
2000, 4400, 0.170843
2000, 4500, 0.175378
2000, 4600, 0.182781
2000, 4700, 0.181902
2000, 4800, 0.187548
2000, 4900, 0.189976
2000, 5000, 0.193467
2000, 5100, 0.197029
2000, 5200, 0.198747
2000, 5300, 0.204632
2000, 5400, 0.207744
2000, 5500, 0.221457
2000, 5600, 0.219544
2000, 5700, 0.224591
2000, 5800, 0.220784
2000, 5900, 0.221802
2000, 6000, 0.224267
2000, 6100, 0.231440
2000, 6200, 0.235560
2000, 6300, 0.239813
2000, 6400, 0.250507
2000, 6500, 0.247301
2000, 6600, 0.252641
2000, 6700, 0.255013
2000, 6800, 0.256394
2000, 6900, 0.261359
2000, 7000, 0.266777
2000, 7100, 0.268370
2000, 7200, 0.271633
2000, 7300, 0.278951
2000, 7400, 0.278870
2000, 7500, 0.279014
2000, 7600, 0.287713
2000, 7700, 0.284817
2000, 7800, 0.293964
2000, 7900, 0.295978
2000, 8000, 0.301369
2000, 8100, 0.300862
2000, 8200, 0.300415
2000, 8300, 0.309603
2000, 8400, 0.295285
2000, 8500, 0.316576
2000, 8600, 0.318266
2000, 8700, 0.327778
2000, 8800, 0.326675
2000, 8900, 0.331477
2000, 9000, 0.333403
2000, 9100, 0.335758
2000, 9200, 0.339717
2000, 9300, 0.338740
2000, 9400, 0.350562
2000, 9500, 0.348694
2000, 9600, 0.356975
2000, 9700, 0.374602
2000, 9800, 0.362840
2000, 9900, 0.378389
2000, 10000, 0.370774
2000, 10100, 0.368226
2000, 10200, 0.372303
2000, 10300, 0.380339
2000, 10400, 0.382339
2000, 10500, 0.391449
2000, 10600, 0.385669
2000, 10700, 0.398334
2000, 10800, 0.398949
2000, 10900, 0.397630
2000, 11000, 0.412327
2000, 11100, 0.409637
2000, 11200, 0.409629
2000, 11300, 0.420541
2000, 11400, 0.418799
2000, 11500, 0.424149
2000, 11600, 0.427527
2000, 11700, 0.405721
2000, 11800, 0.432608
2000, 11900, 0.435386
2000, 12000, 0.437691
2000, 12100, 0.448739
2000, 12200, 0.443744
2000, 12300, 0.449729
2000, 12400, 0.451989
2000, 12500, 0.475856
2000, 12600, 0.462939
2000, 12700, 0.430158
2000, 12800, 0.439785
2000, 12900, 0.464333
2000, 13000, 0.467571
2000, 13100, 0.463018
2000, 13200, 0.480006
2000, 13300, 0.486890
2000, 13400, 0.480538
2000, 13500, 0.484744
2000, 13600, 0.494547
2000, 13700, 0.477190
2000, 13800, 0.508600
2000, 13900, 0.516922
2000, 14000, 0.506603
2000, 14100, 0.679630, 0.230986, 0.155918, 0.386904
2000, 14200, 0.586734, 0.131503, 0.175414, 0.306917
2000, 14300, 0.559496, 0.122401, 0.159831, 0.282232
2000, 14400, 0.562205, 0.121704, 0.161030, 0.282734
2000, 14500, 0.565083, 0.122298, 0.161601, 0.283899
2000, 14600, 0.568407, 0.122420, 0.162725, 0.285145
2000, 14700, 0.570499, 0.122067, 0.163694, 0.285761
2000, 14800, 0.573507, 0.122508, 0.164523, 0.287031
2000, 14900, 0.575696, 0.121809, 0.165441, 0.287250
2000, 15000, 0.578967, 0.122373, 0.166764, 0.289137
2000, 15100, 0.585190, 0.124779, 0.168265, 0.293044
2000, 15200, 0.585740, 0.122044, 0.169809, 0.291853
2000, 15300, 0.588723, 0.123044, 0.170074, 0.293119
2000, 15400, 0.590292, 0.122837, 0.170384, 0.293222
2000, 15500, 0.592108, 0.121619, 0.171799, 0.293417
2000, 15600, 0.596052, 0.123120, 0.172523, 0.295643
2000, 15700, 0.594534, 0.122395, 0.170637, 0.293031
2000, 15800, 0.601468, 0.122845, 0.174246, 0.297092
2000, 15900, 0.604720, 0.123522, 0.175479, 0.299001
2000, 16000, 0.608835, 0.124784, 0.176501, 0.301285
2000, 16100, 0.610108, 0.123233, 0.177482, 0.300715
2000, 16200, 0.612213, 0.122801, 0.178432, 0.301233
2000, 16300, 0.618000, 0.124348, 0.179596, 0.303944
2000, 16400, 0.617292, 0.122782, 0.180147, 0.302930
2000, 16500, 0.620438, 0.122959, 0.181037, 0.303997
2000, 16600, 0.623733, 0.123695, 0.182131, 0.305826
2000, 16700, 0.626271, 0.123339, 0.183187, 0.306526
2000, 16800, 0.624400, 0.122485, 0.180892, 0.303377
2000, 16900, 0.627420, 0.121795, 0.182950, 0.304745
2000, 17000, 0.635070, 0.123283, 0.186294, 0.309577
2000, 17100, 0.638726, 0.124071, 0.187712, 0.311783
2000, 17200, 0.640192, 0.123350, 0.188108, 0.311458
2000, 17300, 0.643521, 0.123012, 0.190063, 0.313075
2000, 17400, 0.645125, 0.122981, 0.189878, 0.312859
2000, 17500, 0.648574, 0.123436, 0.190887, 0.314323
2000, 17600, 0.651881, 0.124064, 0.192005, 0.316070
2000, 17700, 0.653954, 0.123337, 0.193017, 0.316354
2000, 17800, 0.656226, 0.123148, 0.193996, 0.317144
2000, 17900, 0.659481, 0.123347, 0.195046, 0.318393
2000, 18000, 0.663598, 0.124364, 0.196197, 0.320561
2000, 18100, 0.664826, 0.123166, 0.197194, 0.320360
2000, 18200, 0.667827, 0.123632, 0.198021, 0.321653
2000, 18300, 0.670689, 0.123115, 0.199344, 0.322458
2000, 18400, 0.675344, 0.125932, 0.199719, 0.325652
2000, 18500, 0.675203, 0.122492, 0.200867, 0.323359
2000, 18600, 0.679069, 0.123004, 0.202750, 0.325754
2000, 18700, 0.681264, 0.123135, 0.203099, 0.326234
2000, 18800, 0.684305, 0.123796, 0.203812, 0.327608
2000, 18900, 0.686599, 0.123548, 0.204765, 0.328312
2000, 19000, 0.688505, 0.121931, 0.206264, 0.328195
2000, 19100, 0.690794, 0.121595, 0.206811, 0.328406
2000, 19200, 0.694925, 0.122488, 0.208323, 0.330810
2000, 19300, 0.697510, 0.122334, 0.208824, 0.331158
2000, 19400, 0.699006, 0.121800, 0.209897, 0.331696
2000, 19500, 0.704779, 0.121616, 0.212844, 0.334460
2000, 19600, 0.706181, 0.123226, 0.211987, 0.335213
2000, 19700, 0.710005, 0.122924, 0.214314, 0.337238
2000, 19800, 0.711261, 0.122611, 0.214215, 0.336826
2000, 19900, 0.714812, 0.123711, 0.215024, 0.338735
2000, 20000, 0.718976, 0.124464, 0.216188, 0.340652
2000, 20100, 0.720113, 0.123292, 0.216904, 0.340195
2000, 20200, 0.722277, 0.122936, 0.218120, 0.341056
2000, 20300, 0.725736, 0.122608, 0.219872, 0.342480
2000, 20400, 0.729684, 0.124674, 0.219938, 0.344612
2000, 20500, 0.730905, 0.123279, 0.220959, 0.344238
2000, 20600, 0.733417, 0.123304, 0.221926, 0.345230
2000, 20700, 0.736051, 0.122893, 0.223214, 0.346106
2000, 20800, 0.739444, 0.123735, 0.223863, 0.347598
2000, 20900, 0.741000, 0.122166, 0.225335, 0.347501
2000, 21000, 0.744749, 0.122911, 0.226124, 0.349035
2000, 21100, 0.747699, 0.122785, 0.227415, 0.350201
2000, 21200, 0.751088, 0.123519, 0.228032, 0.351551
2000, 21300, 0.752975, 0.123120, 0.228795, 0.351914
2000, 21400, 0.755391, 0.122703, 0.230048, 0.352751
2000, 21500, 0.760837, 0.125657, 0.230714, 0.356372
2000, 21600, 0.760950, 0.122778, 0.232016, 0.354794
2000, 21700, 0.765870, 0.124732, 0.233027, 0.357759
2000, 21800, 0.766580, 0.123099, 0.233796, 0.356895
2000, 21900, 0.770556, 0.123721, 0.234881, 0.358603
2000, 22000, 0.775477, 0.126134, 0.235851, 0.361985
2000, 22100, 0.774824, 0.123082, 0.236714, 0.359796
2000, 22200, 0.777433, 0.122801, 0.237994, 0.360794
2000, 22300, 0.781206, 0.123686, 0.239060, 0.362746
2000, 22400, 0.784422, 0.124529, 0.239782, 0.364311
2000, 22500, 0.802951, 0.123556, 0.256342, 0.379898
2000, 22600, 0.788502, 0.122801, 0.242035, 0.364837
2000, 22700, 0.791260, 0.122935, 0.242663, 0.365598
2000, 22800, 0.795355, 0.124453, 0.243784, 0.368237
2000, 22900, 0.798423, 0.124320, 0.245090, 0.369410
2000, 23000, 0.800257, 0.123099, 0.245971, 0.369070
2000, 23100, 0.802395, 0.123226, 0.246919, 0.370145
2000, 23200, 0.806650, 0.124807, 0.247707, 0.372514
2000, 23300, 0.807448, 0.122943, 0.248615, 0.371558
2000, 23400, 0.812540, 0.124664, 0.250131, 0.374795
2000, 23500, 0.814172, 0.122985, 0.251384, 0.374369
2000, 23600, 0.818627, 0.124898, 0.252324, 0.377221
2000, 23700, 0.818557, 0.122204, 0.253152, 0.375356
2000, 23800, 0.821486, 0.122832, 0.253856, 0.376688
2000, 23900, 0.824070, 0.122781, 0.254901, 0.377682
2000, 24000, 0.828594, 0.124441, 0.255651, 0.380092
2000, 24100, 0.830487, 0.122831, 0.257097, 0.379928
2000, 24200, 0.829840, 0.124670, 0.253478, 0.378149
2000, 24300, 0.836399, 0.123703, 0.259029, 0.382732
2000, 24400, 0.840395, 0.124549, 0.260337, 0.384887
2000, 24500, 0.841271, 0.122987, 0.260867, 0.383854
2000, 24600, 0.844300, 0.123722, 0.261798, 0.385520
2000, 24700, 0.846360, 0.122700, 0.262970, 0.385670
2000, 24800, 0.856458, 0.123401, 0.268472, 0.391873
2000, 24900, 0.860734, 0.121376, 0.274079, 0.395455
2000, 25000, 0.860752, 0.128206, 0.265834, 0.394039
2000, 25100, 0.857259, 0.123053, 0.266731, 0.389784
2000, 25200, 0.862538, 0.124407, 0.268136, 0.392542
2000, 25300, 0.863546, 0.123949, 0.268722, 0.392671
2000, 25400, 0.864498, 0.121781, 0.269767, 0.391548
2000, 25500, 0.868762, 0.122739, 0.270963, 0.393702
2000, 25600, 0.871440, 0.122749, 0.272230, 0.394979
2000, 25700, 0.873605, 0.122097, 0.273138, 0.395235
2000, 25800, 0.877763, 0.123623, 0.274034, 0.397658
2000, 25900, 0.879540, 0.122426, 0.275066, 0.397492
2000, 26000, 0.883872, 0.124058, 0.276043, 0.400101
2000, 26100, 0.885689, 0.123068, 0.277140, 0.400208
2000, 26200, 0.888264, 0.122628, 0.278591, 0.401219
2000, 26300, 0.891015, 0.123339, 0.278853, 0.402192
2000, 26400, 0.893889, 0.123474, 0.279966, 0.403439
2000, 26500, 0.896553, 0.123096, 0.280947, 0.404043
2000, 26600, 0.899112, 0.123214, 0.281832, 0.405046
2000, 26700, 0.902366, 0.123984, 0.282832, 0.406815
2000, 26800, 0.902408, 0.121052, 0.284072, 0.405124
2000, 26900, 0.907273, 0.122533, 0.285163, 0.407696
2000, 27000, 0.910223, 0.123241, 0.285767, 0.409008
2000, 27100, 0.912945, 0.123307, 0.286697, 0.410004
2000, 27200, 0.914757, 0.122195, 0.288044, 0.410239
2000, 27300, 0.917867, 0.123487, 0.288571, 0.412059
2000, 27400, 0.920731, 0.122941, 0.289891, 0.412831
2000, 27500, 0.924254, 0.123870, 0.290646, 0.414516
2000, 27600, 0.932368, 0.123662, 0.295080, 0.418741
2000, 27700, 0.928682, 0.122366, 0.293268, 0.415633
2000, 27800, 0.933291, 0.124352, 0.293869, 0.418222
2000, 27900, 0.935189, 0.122963, 0.295397, 0.418360
2000, 28000, 0.937229, 0.122680, 0.296160, 0.418840
2000, 28100, 0.939908, 0.122730, 0.296939, 0.419669
2000, 28200, 0.945090, 0.125397, 0.297795, 0.423192
2000, 28300, 0.944997, 0.122501, 0.298676, 0.421176
2000, 28400, 0.948576, 0.122696, 0.299948, 0.422644
2000, 28500, 0.952770, 0.123908, 0.301215, 0.425124
2000, 28600, 0.953803, 0.122743, 0.301969, 0.424712
2000, 28700, 0.949172, 0.120758, 0.297890, 0.418648
2000, 28800, 0.953899, 0.123241, 0.298778, 0.422020
2000, 28900, 0.962105, 0.122896, 0.304858, 0.427754
2000, 29000, 0.964884, 0.123032, 0.305555, 0.428587
2000, 29100, 0.963173, 0.123109, 0.302868, 0.425977
2000, 29200, 0.970483, 0.122817, 0.307777, 0.430593
2000, 29300, 0.972229, 0.122385, 0.308606, 0.430991
2000, 29400, 0.976438, 0.123748, 0.309700, 0.433449
2000, 29500, 0.978694, 0.123081, 0.310604, 0.433685
2000, 29600, 0.982702, 0.123853, 0.312290, 0.436143
2000, 29700, 0.984896, 0.123862, 0.312778, 0.436641
2000, 29800, 0.986667, 0.122839, 0.314083, 0.436922
2000, 29900, 0.990568, 0.123104, 0.314946, 0.438051
2000, 30000, 0.995035, 0.125448, 0.315952, 0.441400
2000, 30100, 0.995053, 0.122246, 0.317190, 0.439436
2000, 30200, 0.999162, 0.123560, 0.318546, 0.442106
2000, 30300, 1.001461, 0.123810, 0.319125, 0.442935
2000, 30400, 1.003232, 0.122642, 0.320178, 0.442820
2000, 30500, 1.005875, 0.122278, 0.320961, 0.443239
2000, 30600, 1.008749, 0.122678, 0.322091, 0.444769
2000, 30700, 1.010321, 0.121337, 0.323130, 0.444467
2000, 30800, 1.014311, 0.122620, 0.323920, 0.446540
2000, 30900, 1.018079, 0.123119, 0.325597, 0.448716
2000, 31000, 1.020877, 0.123234, 0.326036, 0.449270
2000, 31100, 1.033796, 0.134279, 0.326804, 0.461083
2000, 31200, 1.026919, 0.123913, 0.328022, 0.451936
2000, 31300, 1.027651, 0.122078, 0.329031, 0.451109
2000, 31400, 1.029771, 0.120830, 0.330381, 0.451210
2000, 31500, 1.033994, 0.123050, 0.330884, 0.453935
2000, 31600, 1.036584, 0.121941, 0.332201, 0.454142
2000, 31700, 1.038546, 0.122015, 0.332739, 0.454755
2000, 31800, 1.041981, 0.123003, 0.333730, 0.456734
2000, 31900, 1.045341, 0.122879, 0.335148, 0.458027
2000, 32000, 1.047067, 0.122152, 0.336073, 0.458225
2000, 32100, 1.050499, 0.123017, 0.336720, 0.459737
2000, 32200, 1.056820, 0.123878, 0.338136, 0.462014
2000, 32300, 1.054822, 0.121761, 0.339000, 0.460761
2000, 32400, 1.059931, 0.123849, 0.339995, 0.463844
2000, 32500, 1.060800, 0.122766, 0.340852, 0.463618
2000, 32600, 1.064574, 0.123316, 0.342147, 0.465463
2000, 32700, 1.067990, 0.124103, 0.342544, 0.466648
2000, 32800, 1.071145, 0.124529, 0.344010, 0.468539
2000, 32900, 1.075263, 0.126356, 0.344467, 0.470823
2000, 33000, 1.076247, 0.123641, 0.345962, 0.469602
2000, 33100, 1.077566, 0.121661, 0.347570, 0.469231
2000, 33200, 1.080592, 0.122346, 0.348026, 0.470372
2000, 33300, 1.083154, 0.122448, 0.349011, 0.471459
2000, 33400, 1.084462, 0.121184, 0.349591, 0.470775
2000, 33500, 1.090354, 0.123646, 0.351164, 0.474810
2000, 33600, 1.093480, 0.124659, 0.351827, 0.476486
2000, 33700, 1.089075, 0.122048, 0.348356, 0.470404
2000, 33800, 1.097371, 0.122386, 0.353896, 0.476283
2000, 33900, 1.100235, 0.122929, 0.354683, 0.477612
2000, 34000, 1.103633, 0.123722, 0.355772, 0.479493
2000, 34100, 1.104722, 0.122356, 0.356673, 0.479029
2000, 34200, 1.108782, 0.123199, 0.357337, 0.480536
2000, 34300, 1.110840, 0.122681, 0.358581, 0.481262
2000, 34400, 1.113804, 0.122857, 0.359917, 0.482775
2000, 34500, 1.117639, 0.123779, 0.360751, 0.484531
2000, 34600, 1.120015, 0.123623, 0.361782, 0.485405
2000, 34700, 1.122054, 0.123054, 0.362679, 0.485733
2000, 34800, 1.127476, 0.125229, 0.364046, 0.489275
2000, 34900, 1.127557, 0.122778, 0.364759, 0.487537
2000, 35000, 1.126191, 0.123885, 0.361084, 0.484970
2000, 35100, 1.134487, 0.124616, 0.366535, 0.491151
2000, 35200, 1.137808, 0.124189, 0.368313, 0.492502
2000, 35300, 1.138685, 0.123152, 0.368585, 0.491737
2000, 35400, 1.144414, 0.125013, 0.370834, 0.495848
2000, 35500, 1.143891, 0.122930, 0.370349, 0.493279
2000, 35600, 1.147042, 0.122741, 0.371830, 0.494571
2000, 35700, 1.142816, 0.122947, 0.365656, 0.488603
2000, 35800, 1.151616, 0.122629, 0.373341, 0.495970
2000, 35900, 1.154412, 0.122375, 0.374199, 0.496574
2000, 36000, 1.161394, 0.125899, 0.375691, 0.501591
2000, 36100, 1.159485, 0.122150, 0.376381, 0.498531
2000, 36200, 1.174830, 0.121760, 0.388700, 0.510460
2000, 36300, 1.166719, 0.123130, 0.378807, 0.501937
2000, 36400, 1.167773, 0.122345, 0.379376, 0.501721
2000, 36500, 1.171595, 0.123350, 0.380345, 0.503695
2000, 36600, 1.174536, 0.122793, 0.381592, 0.504386
2000, 36700, 1.176295, 0.122189, 0.382579, 0.504768
2000, 36800, 1.179760, 0.123300, 0.383150, 0.506450
2000, 36900, 1.182406, 0.122571, 0.384688, 0.507259
2000, 37000, 1.184061, 0.121967, 0.385535, 0.507502
2000, 37100, 1.189220, 0.124049, 0.386296, 0.510345
2000, 37200, 1.192547, 0.124590, 0.387386, 0.511976
2000, 37300, 1.194986, 0.124002, 0.389029, 0.513031
2000, 37400, 1.196280, 0.123254, 0.389359, 0.512613
2000, 37500, 1.200375, 0.124532, 0.390097, 0.514629
2000, 37600, 1.203597, 0.124237, 0.391530, 0.515767
2000, 37700, 1.204596, 0.123038, 0.392225, 0.515263
2000, 37800, 1.208853, 0.124419, 0.393340, 0.517758
2000, 37900, 1.210469, 0.123459, 0.394250, 0.517709
2000, 38000, 1.213976, 0.123552, 0.395533, 0.519085
2000, 38100, 1.236561, 0.124693, 0.413834, 0.538527
2000, 38200, 1.220192, 0.124807, 0.397439, 0.522246
2000, 38300, 1.221098, 0.122986, 0.398055, 0.521041
2000, 38400, 1.224537, 0.123266, 0.399467, 0.522733
2000, 38500, 1.227259, 0.123210, 0.400743, 0.523953
2000, 38600, 1.229137, 0.123102, 0.401305, 0.524407
2000, 38700, 1.232626, 0.122969, 0.402593, 0.525562
2000, 38800, 1.235829, 0.122778, 0.403993, 0.526771
2000, 38900, 1.236880, 0.121797, 0.404257, 0.526054
2000, 39000, 1.239082, 0.122574, 0.404556, 0.527130
2000, 39100, 1.240935, 0.120869, 0.405982, 0.526852
2000, 39200, 1.244626, 0.122564, 0.406699, 0.529264
2000, 39300, 1.249223, 0.123139, 0.408144, 0.531283
2000, 39400, 1.250869, 0.122768, 0.408897, 0.531665
2000, 39500, 1.245278, 0.122129, 0.402977, 0.525106
2000, 39600, 1.258086, 0.124565, 0.410976, 0.535541
2000, 39700, 1.259250, 0.123108, 0.411976, 0.535084
2000, 39800, 1.262019, 0.123237, 0.412833, 0.536070
2000, 39900, 1.267681, 0.124226, 0.414742, 0.538968
2000, 40000, 1.267960, 0.123014, 0.414886, 0.537900
2000, 40100, 1.270310, 0.122506, 0.416214, 0.538720
2000, 40200, 1.274576, 0.125384, 0.416550, 0.541933
2000, 40300, 1.275334, 0.122506, 0.418078, 0.540584
2000, 40400, 1.277625, 0.122536, 0.418443, 0.540979
2000, 40500, 1.283474, 0.125265, 0.419770, 0.545035
2000, 40600, 1.283433, 0.122006, 0.421205, 0.543211
2000, 40700, 1.280605, 0.123369, 0.414563, 0.537932
2000, 40800, 1.289572, 0.122787, 0.422691, 0.545478
2000, 40900, 1.291663, 0.121809, 0.423763, 0.545572
2000, 41000, 1.293936, 0.121589, 0.424717, 0.546306
2000, 41100, 1.297358, 0.122749, 0.425592, 0.548340
2000, 41200, 1.291048, 0.121125, 0.419488, 0.540613
2000, 41300, 1.302213, 0.121922, 0.427664, 0.549586
2000, 41400, 1.305914, 0.123166, 0.428428, 0.551595
2000, 41500, 1.308998, 0.123005, 0.429691, 0.552697
2000, 41600, 1.310194, 0.122210, 0.430332, 0.552542
2000, 41700, 1.332595, 0.124196, 0.448479, 0.572675
2000, 41800, 1.315704, 0.122163, 0.432232, 0.554395
2000, 41900, 1.319641, 0.123300, 0.433252, 0.556551
2000, 42000, 1.323000, 0.124261, 0.434375, 0.558636
2000, 42100, 1.324984, 0.123135, 0.435422, 0.558557
2000, 42200, 1.327460, 0.123009, 0.436276, 0.559285
2000, 42300, 1.330794, 0.123422, 0.437270, 0.560691
2000, 42400, 1.334405, 0.123948, 0.438614, 0.562563
2000, 42500, 1.337398, 0.123691, 0.439873, 0.563564
2000, 42600, 1.340743, 0.124116, 0.441090, 0.565206
2000, 42700, 1.342517, 0.123785, 0.441249, 0.565034
2000, 42800, 1.345689, 0.124074, 0.442489, 0.566563
2000, 42900, 1.349104, 0.124353, 0.443693, 0.568046
2000, 43000, 1.350153, 0.123412, 0.444362, 0.567774
2000, 43100, 1.351880, 0.122502, 0.445122, 0.567624
2000, 43200, 1.359347, 0.124566, 0.448452, 0.573018
2000, 43300, 1.357378, 0.122333, 0.447388, 0.569721
2000, 43400, 1.375135, 0.123014, 0.462678, 0.585692
2000, 43500, 1.364135, 0.123858, 0.448957, 0.572816
2000, 43600, 1.364858, 0.121505, 0.450021, 0.571527
2000, 43700, 1.367331, 0.121423, 0.451608, 0.573031
2000, 43800, 1.371821, 0.122749, 0.452502, 0.575250
2000, 43900, 1.374069, 0.122522, 0.453328, 0.575850
2000, 44000, 1.378066, 0.124160, 0.454044, 0.578205
2000, 44100, 1.380148, 0.123059, 0.455381, 0.578439
2000, 44200, 1.383133, 0.123864, 0.455881, 0.579744
2000, 44300, 1.385985, 0.123626, 0.457345, 0.580971
2000, 44400, 1.387666, 0.122962, 0.458099, 0.581062
2000, 44500, 1.380698, 0.120855, 0.451700, 0.572556
2000, 44600, 1.387791, 0.126011, 0.451874, 0.577885
2000, 44700, 1.396976, 0.123460, 0.461135, 0.584595
2000, 44800, 1.399911, 0.123484, 0.462193, 0.585677
2000, 44900, 1.402490, 0.122852, 0.463990, 0.586842
2000, 45000, 1.406271, 0.124237, 0.464179, 0.588416
2000, 45100, 1.398146, 0.120796, 0.457646, 0.578442
2000, 45200, 1.411015, 0.123825, 0.465707, 0.589532
2000, 45300, 1.411566, 0.121599, 0.466993, 0.588592
2000, 45400, 1.416204, 0.123324, 0.468281, 0.591605
2000, 45500, 1.418170, 0.122485, 0.468905, 0.591390
2000, 45600, 1.421146, 0.123287, 0.470020, 0.593308
2000, 45700, 1.423719, 0.122997, 0.470841, 0.593837
2000, 45800, 1.426737, 0.123233, 0.471894, 0.595127
2000, 45900, 1.427956, 0.122313, 0.472325, 0.594638
2000, 46000, 1.431962, 0.123240, 0.473788, 0.597028
2000, 46100, 1.432239, 0.120956, 0.474350, 0.595306
2000, 46200, 1.438318, 0.123995, 0.475672, 0.599667
2000, 46300, 1.439396, 0.122777, 0.476445, 0.599222
2000, 46400, 1.447218, 0.124111, 0.480774, 0.604885
2000, 46500, 1.445160, 0.123085, 0.478330, 0.601415
2000, 46600, 1.449182, 0.123645, 0.479258, 0.602904
2000, 46700, 1.449692, 0.121062, 0.481376, 0.602439
2000, 46800, 1.456227, 0.125199, 0.481904, 0.607103
2000, 46900, 1.459151, 0.122467, 0.485518, 0.607984
2000, 47000, 1.460017, 0.123909, 0.483499, 0.607408
2000, 47100, 1.461497, 0.121960, 0.485166, 0.607126
2000, 47200, 1.465636, 0.122431, 0.486962, 0.609393
2000, 47300, 1.465531, 0.121494, 0.485980, 0.607473
2000, 47400, 1.475138, 0.123300, 0.490862, 0.614162
2000, 47500, 1.475985, 0.122941, 0.490172, 0.613112
2000, 47600, 1.477997, 0.124310, 0.489325, 0.613635
2000, 47700, 1.480009, 0.122293, 0.491292, 0.613585
2000, 47800, 1.484077, 0.124036, 0.491428, 0.615465
2000, 47900, 1.488233, 0.122918, 0.495330, 0.618248
2000, 48000, 1.489795, 0.125370, 0.492728, 0.618099
2000, 48100, 1.490654, 0.122322, 0.494173, 0.616494
2000, 48200, 1.516588, 0.123106, 0.518761, 0.641867
2000, 48300, 1.490082, 0.121438, 0.492590, 0.614027
2000, 48400, 1.492062, 0.124432, 0.488841, 0.613273
2000, 48500, 1.501789, 0.121758, 0.500403, 0.622161
2000, 48600, 1.503538, 0.122179, 0.500379, 0.622558
2000, 48700, 1.498769, 0.121139, 0.494926, 0.616065
2000, 48800, 1.510728, 0.123178, 0.503212, 0.626391
2000, 48900, 1.516942, 0.123387, 0.506294, 0.629681
2000, 49000, 1.509490, 0.124124, 0.497688, 0.621812
2000, 49100, 1.508856, 0.120776, 0.498976, 0.619752
2000, 49200, 1.522269, 0.124170, 0.507160, 0.631330
2000, 49300, 1.523722, 0.123190, 0.507601, 0.630791
2000, 49400, 1.520780, 0.123652, 0.502319, 0.625971
2000, 49500, 1.521040, 0.122455, 0.502609, 0.625064
2000, 49600, 1.525177, 0.123249, 0.503669, 0.626918
2000, 49700, 1.530177, 0.122434, 0.507565, 0.629999
2000, 49800, 1.540780, 0.124582, 0.513383, 0.637965
2000, 49900, 1.540675, 0.122449, 0.514203, 0.636652
2000, 50000, 1.545973, 0.123734, 0.516087, 0.639822
2000, 50100, 1.547038, 0.122954, 0.516455, 0.639409
2000, 50200, 1.553496, 0.125291, 0.516981, 0.642272
2000, 50300, 1.545133, 0.122094, 0.512015, 0.634108
2000, 50400, 1.548733, 0.124171, 0.511978, 0.636149
2000, 50500, 1.557586, 0.122237, 0.521025, 0.643261
2000, 50600, 1.562822, 0.124352, 0.522098, 0.646450
2000, 50700, 1.561818, 0.121944, 0.522505, 0.644449
2000, 50800, 1.568104, 0.123974, 0.524049, 0.648024
2000, 50900, 1.569399, 0.124020, 0.523684, 0.647705
2000, 51000, 1.575564, 0.124449, 0.528313, 0.652762
2000, 51100, 1.572885, 0.121675, 0.525872, 0.647547
2000, 51200, 1.591781, 0.122795, 0.541480, 0.664275
2000, 51300, 1.569368, 0.122859, 0.517876, 0.640735
2000, 51400, 1.583146, 0.124708, 0.528174, 0.652882
2000, 51500, 1.585626, 0.123469, 0.530478, 0.653947
2000, 51600, 1.587920, 0.124325, 0.529791, 0.654117
2000, 51700, 1.590711, 0.122761, 0.532601, 0.655361
2000, 51800, 1.593126, 0.123728, 0.532238, 0.655966
2000, 51900, 1.583762, 0.120935, 0.523993, 0.644928
2000, 52000, 1.599946, 0.124887, 0.533914, 0.658801
2000, 52100, 1.599279, 0.121366, 0.534417, 0.655782
2000, 52200, 1.604652, 0.123385, 0.536293, 0.659678
2000, 52300, 1.608116, 0.122209, 0.539152, 0.661361
2000, 52400, 1.609295, 0.122793, 0.537917, 0.660710
2000, 52500, 1.610214, 0.122035, 0.538173, 0.660209
2000, 52600, 1.636107, 0.122293, 0.561951, 0.684244
2000, 52700, 1.618104, 0.122498, 0.542272, 0.664770
2000, 52800, 1.621312, 0.124050, 0.542162, 0.666212
2000, 52900, 1.623645, 0.124395, 0.542568, 0.666963
2000, 53000, 1.626473, 0.123532, 0.544842, 0.668374
2000, 53100, 1.627299, 0.122651, 0.544903, 0.667554
2000, 53200, 1.620938, 0.123249, 0.535677, 0.658926
2000, 53300, 1.632007, 0.122669, 0.546368, 0.669037
2000, 53400, 1.636602, 0.124003, 0.547505, 0.671507
2000, 53500, 1.638445, 0.122749, 0.548647, 0.671395
2000, 53600, 1.642283, 0.123925, 0.549458, 0.673382
2000, 53700, 1.644817, 0.123247, 0.550559, 0.673806
2000, 53800, 1.648361, 0.124893, 0.551420, 0.676312
2000, 53900, 1.651265, 0.124071, 0.552749, 0.676820
2000, 54000, 1.681228, 0.125585, 0.579327, 0.704911
2000, 54100, 1.655789, 0.122983, 0.554915, 0.677898
2000, 54200, 1.659795, 0.122588, 0.557318, 0.679906
2000, 54300, 1.659730, 0.121908, 0.555980, 0.677888
2000, 54400, 1.669248, 0.124257, 0.561290, 0.685546
2000, 54500, 1.665104, 0.121598, 0.558407, 0.680006
2000, 54600, 1.673841, 0.123070, 0.563980, 0.687051
2000, 54700, 1.673341, 0.122753, 0.561444, 0.684196
2000, 54800, 1.676955, 0.125518, 0.561174, 0.686692
2000, 54900, 1.677086, 0.123702, 0.561965, 0.685667
2000, 55000, 1.668849, 0.122358, 0.553424, 0.675783
2000, 55100, 1.683223, 0.122663, 0.565173, 0.687836
2000, 55200, 1.687078, 0.124461, 0.565738, 0.690199
2000, 55300, 1.689667, 0.122700, 0.567208, 0.689908
2000, 55400, 1.694463, 0.126240, 0.567421, 0.693661
2000, 55500, 1.697414, 0.122262, 0.572141, 0.694403
2000, 55600, 1.699380, 0.125064, 0.569282, 0.694346
2000, 55700, 1.700313, 0.123475, 0.570483, 0.693959
2000, 55800, 1.703010, 0.123712, 0.571537, 0.695249
2000, 55900, 1.706414, 0.124043, 0.573001, 0.697044
2000, 56000, 1.707970, 0.123767, 0.572926, 0.696693
2000, 56100, 1.708976, 0.122784, 0.573481, 0.696265
2000, 56200, 1.714165, 0.124865, 0.575100, 0.699965
2000, 56300, 1.717509, 0.124692, 0.576193, 0.700885
2000, 56400, 1.711064, 0.124291, 0.568363, 0.692654
2000, 56500, 1.720475, 0.121998, 0.578793, 0.700791
2000, 56600, 1.714370, 0.121177, 0.572257, 0.693434
2000, 56700, 1.747970, 0.123069, 0.601056, 0.724125
2000, 56800, 1.721277, 0.123003, 0.573460, 0.696464
2000, 56900, 1.736561, 0.123376, 0.585934, 0.709310
2000, 57000, 1.739602, 0.125811, 0.583891, 0.709702
2000, 57100, 1.738316, 0.123009, 0.584205, 0.707214
2000, 57200, 1.745939, 0.124720, 0.589146, 0.713866
2000, 57300, 1.743616, 0.123274, 0.586196, 0.709470
2000, 57400, 1.748077, 0.124170, 0.587698, 0.711867
2000, 57500, 1.749404, 0.122770, 0.588944, 0.711714
2000, 57600, 1.755542, 0.124351, 0.591389, 0.715740
2000, 57700, 1.754562, 0.123011, 0.589672, 0.712683
2000, 57800, 1.756737, 0.123756, 0.590330, 0.714086
2000, 57900, 1.758806, 0.122398, 0.591588, 0.713986
2000, 58000, 1.782663, 0.122814, 0.610538, 0.733352
2000, 58100, 1.765999, 0.123153, 0.594568, 0.717721
2000, 58200, 1.771166, 0.126528, 0.595183, 0.721711
2000, 58300, 1.770853, 0.122567, 0.596361, 0.718928
2000, 58400, 1.774286, 0.124240, 0.596978, 0.721218
2000, 58500, 1.775871, 0.122899, 0.598228, 0.721127
2000, 58600, 1.780192, 0.125365, 0.598683, 0.724048
2000, 58700, 1.781341, 0.122780, 0.599910, 0.722689
2000, 58800, 1.784032, 0.122885, 0.601056, 0.723941
2000, 58900, 1.787710, 0.122299, 0.602165, 0.724464
2000, 59000, 1.792495, 0.123411, 0.604825, 0.728237
2000, 59100, 1.795355, 0.122564, 0.606799, 0.729364
2000, 59200, 1.799532, 0.124858, 0.606181, 0.731039
2000, 59300, 1.833721, 0.123510, 0.640167, 0.763677
2000, 59400, 1.806270, 0.124650, 0.610150, 0.734799
2000, 59500, 1.807269, 0.122770, 0.611271, 0.734041
2000, 59600, 1.812387, 0.125402, 0.611575, 0.736977
2000, 59700, 1.814029, 0.123469, 0.613798, 0.737267
2000, 59800, 1.814875, 0.125055, 0.611563, 0.736618
2000, 59900, 1.804482, 0.123276, 0.602062, 0.725338
2000, 60000, 1.818667, 0.124971, 0.612371, 0.737342
2000, 60100, 1.820672, 0.123937, 0.613321, 0.737258
2000, 60200, 1.833873, 0.144955, 0.604484, 0.749439
2000, 60300, 1.825469, 0.123927, 0.615312, 0.739239
2000, 60400, 1.831038, 0.126033, 0.616579, 0.742611
2000, 60500, 1.846178, 0.123433, 0.633247, 0.756680
2000, 60600, 1.824603, 0.123758, 0.609218, 0.732976
2000, 60700, 1.836875, 0.124128, 0.619048, 0.743176
2000, 60800, 1.840168, 0.124339, 0.620161, 0.744500
2000, 60900, 1.844664, 0.123461, 0.624026, 0.747487
2000, 61000, 1.844953, 0.123653, 0.622296, 0.745949
2000, 61100, 1.851803, 0.123691, 0.626667, 0.750358
2000, 61200, 1.852802, 0.125168, 0.624914, 0.750081
2000, 61300, 1.858190, 0.123290, 0.629672, 0.752962
2000, 61400, 1.858282, 0.125219, 0.626233, 0.751451
2000, 61500, 1.861699, 0.122961, 0.630840, 0.753801
2000, 61600, 1.862795, 0.124510, 0.628233, 0.752743
2000, 61700, 1.871078, 0.126206, 0.632904, 0.759110
2000, 61800, 1.876640, 0.124104, 0.638773, 0.762876
2000, 61900, 1.869376, 0.122523, 0.630956, 0.753480
2000, 62000, 1.878009, 0.125745, 0.635633, 0.761378
2000, 62100, 1.878593, 0.123742, 0.636196, 0.759939
2000, 62200, 1.883335, 0.125649, 0.637447, 0.763097
2000, 62300, 1.886057, 0.124117, 0.639032, 0.763149
2000, 62400, 1.888585, 0.124352, 0.639745, 0.764097
2000, 62500, 1.892702, 0.128233, 0.639132, 0.767365
2000, 62600, 1.893336, 0.124869, 0.641045, 0.765915
2000, 62700, 1.895456, 0.123674, 0.642727, 0.766402
2000, 62800, 1.896589, 0.124413, 0.641609, 0.766021
2000, 62900, 1.898150, 0.123920, 0.641428, 0.765348
2000, 63000, 1.918185, 0.142021, 0.642367, 0.784388
2000, 63100, 1.906976, 0.126608, 0.643295, 0.769903
2000, 63200, 1.906719, 0.125348, 0.644270, 0.769618
2000, 63300, 1.908036, 0.123064, 0.645474, 0.768538
2000, 63400, 1.911836, 0.125024, 0.645888, 0.770911
2000, 63500, 1.913556, 0.123556, 0.647465, 0.771022
2000, 63600, 1.916253, 0.124531, 0.647524, 0.772055
2000, 63700, 1.920561, 0.124532, 0.649518, 0.774050
2000, 63800, 1.921870, 0.124442, 0.649490, 0.773932
2000, 63900, 1.925975, 0.123608, 0.652837, 0.776445
2000, 64000, 1.928021, 0.124300, 0.652185, 0.776485
2000, 64100, 1.930314, 0.123668, 0.653331, 0.776999
2000, 64200, 1.937181, 0.126682, 0.653745, 0.780428
2000, 64300, 1.940049, 0.124959, 0.655210, 0.780170
2000, 64400, 1.940504, 0.125148, 0.655930, 0.781078
2000, 64500, 1.941933, 0.122924, 0.657908, 0.780831
2000, 64600, 1.943463, 0.122600, 0.658943, 0.781542
2000, 64700, 1.948232, 0.125179, 0.658617, 0.783796
2000, 64800, 1.952726, 0.124317, 0.662730, 0.787047
2000, 64900, 1.941095, 0.121809, 0.651132, 0.772941
2000, 65000, 1.958179, 0.123121, 0.665703, 0.788824
2000, 65100, 1.957400, 0.123100, 0.662835, 0.785935
2000, 65200, 1.961188, 0.123202, 0.664590, 0.787792
2000, 65300, 1.962532, 0.122868, 0.664848, 0.787716
2000, 65400, 1.969303, 0.123848, 0.667383, 0.791231
2000, 65500, 1.967742, 0.122801, 0.667297, 0.790098
2000, 65600, 1.970942, 0.123406, 0.667729, 0.791135
2000, 65700, 1.976107, 0.123958, 0.670619, 0.794577
2000, 65800, 1.975136, 0.123007, 0.669412, 0.792419
2000, 65900, 1.966212, 0.121990, 0.659520, 0.781511
2000, 66000, 1.983583, 0.124736, 0.671321, 0.796057
2000, 66100, 1.989427, 0.123339, 0.677130, 0.800469
2000, 66200, 1.989501, 0.124597, 0.674158, 0.798755
2000, 66300, 1.992536, 0.123702, 0.675285, 0.798987
2000, 66400, 1.995810, 0.123465, 0.677652, 0.801117
2000, 66500, 1.998897, 0.122731, 0.679457, 0.802188
2000, 66600, 2.012230, 0.124288, 0.688587, 0.812875
2000, 66700, 2.001578, 0.123291, 0.678850, 0.802142
2000, 66800, 2.004729, 0.122842, 0.679227, 0.802069
2000, 66900, 2.008511, 0.122921, 0.680686, 0.803607
2000, 67000, 2.002007, 0.123948, 0.673651, 0.797599
2000, 67100, 2.014496, 0.122972, 0.684046, 0.807018
2000, 67200, 2.016116, 0.123852, 0.683303, 0.807155
2000, 67300, 2.018796, 0.123281, 0.684100, 0.807381
2000, 67400, 2.026798, 0.125647, 0.688883, 0.814530
2000, 67500, 2.028060, 0.126900, 0.687691, 0.814591
2000, 67600, 2.032409, 0.124955, 0.692660, 0.817615
2000, 67700, 2.029140, 0.123007, 0.689662, 0.812670
2000, 67800, 2.034889, 0.126391, 0.690255, 0.816646
2000, 67900, 2.045245, 0.132286, 0.692239, 0.824524
2000, 68000, 2.038958, 0.124771, 0.692267, 0.817037
2000, 68100, 2.064708, 0.145351, 0.694831, 0.840181
2000, 68200, 2.045508, 0.124622, 0.694684, 0.819305
2000, 68300, 2.045161, 0.122751, 0.695128, 0.817879
2000, 68400, 2.071729, 0.144592, 0.696847, 0.841439
2000, 68500, 2.058948, 0.130296, 0.697679, 0.827975
2000, 68600, 2.056098, 0.124386, 0.699308, 0.823693
2000, 68700, 2.058787, 0.123459, 0.700721, 0.824180
2000, 68800, 2.094599, 0.125933, 0.730611, 0.856545
2000, 68900, 2.066861, 0.124691, 0.704478, 0.829169
2000, 69000, 2.067702, 0.124480, 0.703536, 0.828015
2000, 69100, 2.069022, 0.123851, 0.703243, 0.827094
2000, 69200, 2.073199, 0.124623, 0.705113, 0.829736
2000, 69300, 2.077026, 0.123543, 0.708399, 0.831942
2000, 69400, 2.077276, 0.124638, 0.706411, 0.831049
2000, 69500, 2.096162, 0.134255, 0.713047, 0.847302
2000, 69600, 2.104708, 0.144847, 0.709997, 0.854844
2000, 69700, 2.108008, 0.144616, 0.711380, 0.855996
2000, 69800, 2.090346, 0.125875, 0.710562, 0.836437
2000, 69900, 2.109527, 0.122956, 0.729108, 0.852064
2000, 70000, 2.093150, 0.123437, 0.712783, 0.836221
2000, 70100, 2.094304, 0.122084, 0.713553, 0.835637
2000, 70200, 2.106527, 0.126519, 0.719135, 0.845654
2000, 70300, 2.104325, 0.124408, 0.716906, 0.841314
2000, 70400, 2.110081, 0.124851, 0.721347, 0.846198
2000, 70500, 2.110005, 0.123296, 0.720223, 0.843519
2000, 70600, 2.106744, 0.133192, 0.706417, 0.839608
2000, 70700, 2.116826, 0.124758, 0.722201, 0.846959
2000, 70800, 2.104889, 0.125184, 0.708494, 0.833678
2000, 70900, 2.118176, 0.123388, 0.721232, 0.844620
2000, 71000, 2.137956, 0.123671, 0.737279, 0.860950
2000, 71100, 2.130168, 0.123774, 0.729648, 0.853422
2000, 71200, 2.128038, 0.124666, 0.724584, 0.849250
2000, 71300, 2.129870, 0.123923, 0.724817, 0.848740
2000, 71400, 2.132248, 0.122697, 0.727517, 0.850213
2000, 71500, 2.138443, 0.126656, 0.727842, 0.854497
2000, 71600, 2.140282, 0.125354, 0.728928, 0.854282
2000, 71700, 2.142297, 0.124163, 0.731032, 0.855194
2000, 71800, 2.144010, 0.124354, 0.730577, 0.854931
2000, 71900, 2.146652, 0.123828, 0.731905, 0.855732
2000, 72000, 2.152445, 0.125358, 0.734436, 0.859794
2000, 72100, 2.212011, 0.124281, 0.791150, 0.915431
2000, 72200, 2.157355, 0.125530, 0.735687, 0.861217
2000, 72300, 2.160814, 0.124036, 0.739287, 0.863322
2000, 72400, 2.161079, 0.125364, 0.736604, 0.861968
2000, 72500, 2.161420, 0.122646, 0.737369, 0.860015
2000, 72600, 2.164674, 0.124111, 0.737835, 0.861946
2000, 72700, 2.167283, 0.123576, 0.738999, 0.862574
2000, 72800, 2.176013, 0.124832, 0.744819, 0.869651
2000, 72900, 2.174505, 0.124685, 0.741264, 0.865949
2000, 73000, 2.178694, 0.124689, 0.743720, 0.868409
2000, 73100, 2.178398, 0.121934, 0.744594, 0.866528
2000, 73200, 2.183677, 0.125220, 0.744619, 0.869839
2000, 73300, 2.183203, 0.123173, 0.745125, 0.868298
2000, 73400, 2.186649, 0.124301, 0.745423, 0.869724
2000, 73500, 2.195343, 0.124415, 0.751307, 0.875722
2000, 73600, 2.194563, 0.124616, 0.748704, 0.873321
2000, 73700, 2.195809, 0.124591, 0.749255, 0.873846
2000, 73800, 2.200605, 0.124640, 0.751510, 0.876150
2000, 73900, 2.200807, 0.123584, 0.750457, 0.874041
2000, 74000, 2.206377, 0.124705, 0.753635, 0.878339
2000, 74100, 2.206941, 0.124930, 0.752657, 0.877588
2000, 74200, 2.223373, 0.124070, 0.767257, 0.891327
2000, 74300, 2.214792, 0.123529, 0.758461, 0.881990
2000, 74400, 2.216668, 0.124624, 0.757034, 0.881658
2000, 74500, 2.221357, 0.124719, 0.759397, 0.884116
2000, 74600, 2.245444, 0.145513, 0.762177, 0.907690
2000, 74700, 2.263387, 0.164968, 0.758795, 0.923763
2000, 74800, 2.243258, 0.139789, 0.761258, 0.901048
2000, 74900, 2.225852, 0.122255, 0.760175, 0.882430
2000, 75000, 2.246405, 0.137467, 0.763237, 0.900704
2000, 75100, 2.231567, 0.122128, 0.762919, 0.885047
2000, 75200, 2.238291, 0.126359, 0.762968, 0.889327
2000, 75300, 2.234793, 0.121673, 0.761754, 0.883427
2000, 75400, 2.242942, 0.123524, 0.766349, 0.889873
2000, 75500, 2.229689, 0.121367, 0.754095, 0.875462
2000, 75600, 2.275157, 0.151693, 0.767251, 0.918944
2000, 75700, 2.248142, 0.122031, 0.767856, 0.889887
2000, 75800, 2.251508, 0.123638, 0.768375, 0.892013
2000, 75900, 2.257190, 0.123199, 0.772289, 0.895487
2000, 76000, 2.258405, 0.125135, 0.770447, 0.895582
2000, 76100, 2.260005, 0.124008, 0.771302, 0.895310
2000, 76200, 2.264825, 0.124943, 0.773505, 0.898448
2000, 76300, 2.269150, 0.124145, 0.777065, 0.901210
2000, 76400, 2.254530, 0.124017, 0.760599, 0.884616
2000, 76500, 2.272551, 0.124661, 0.776220, 0.900882
2000, 76600, 2.275843, 0.126274, 0.776401, 0.902675
2000, 76700, 2.276372, 0.123137, 0.777732, 0.900869
2000, 76800, 2.283586, 0.124729, 0.782033, 0.906762
2000, 76900, 2.282591, 0.123906, 0.779498, 0.903404
2000, 77000, 2.284645, 0.124052, 0.779939, 0.903991
2000, 77100, 2.287966, 0.123673, 0.781718, 0.905392
2000, 77200, 2.297291, 0.124203, 0.789055, 0.913258
2000, 77300, 2.287578, 0.123263, 0.778272, 0.901535
2000, 77400, 2.294674, 0.123952, 0.783535, 0.907488
2000, 77500, 2.297802, 0.122726, 0.785601, 0.908327
2000, 77600, 2.304463, 0.123193, 0.790351, 0.913544
2000, 77700, 2.306860, 0.123382, 0.790792, 0.914174
2000, 77800, 2.306963, 0.124356, 0.788068, 0.912424
2000, 77900, 2.311849, 0.125973, 0.789401, 0.915374
2000, 78000, 2.312597, 0.124996, 0.789291, 0.914286
2000, 78100, 2.315781, 0.123316, 0.791709, 0.915026
2000, 78200, 2.319542, 0.125346, 0.792665, 0.918011
2000, 78300, 2.352573, 0.122860, 0.825031, 0.947890
2000, 78400, 2.322123, 0.123421, 0.793836, 0.917258
2000, 78500, 2.328345, 0.122313, 0.799365, 0.921678
2000, 78600, 2.327838, 0.123761, 0.795590, 0.919352
2000, 78700, 2.333622, 0.124964, 0.797820, 0.922785
2000, 78800, 2.333893, 0.125036, 0.797230, 0.922265
2000, 78900, 2.339845, 0.123910, 0.801719, 0.925629
2000, 79000, 2.339819, 0.124633, 0.799054, 0.923687
2000, 79100, 2.343698, 0.124589, 0.801381, 0.925970
2000, 79200, 2.346810, 0.125270, 0.802588, 0.927859
2000, 79300, 2.362066, 0.123571, 0.817918, 0.941489
2000, 79400, 2.352345, 0.124833, 0.804283, 0.929115
2000, 79500, 2.352648, 0.123831, 0.805162, 0.928993
2000, 79600, 2.356109, 0.124587, 0.805743, 0.930330
2000, 79700, 2.349220, 0.123923, 0.798273, 0.922196
2000, 79800, 2.363615, 0.125286, 0.808323, 0.933609
2000, 79900, 2.362706, 0.122512, 0.809257, 0.931770
2000, 80000, 2.373619, 0.124901, 0.815214, 0.940115
2000, 81000, 2.395337, 0.122352, 0.821345, 0.943697
2000, 82000, 2.422504, 0.124925, 0.829595, 0.954520
2000, 83000, 2.463128, 0.125806, 0.850687, 0.976492
2000, 84000, 2.461328, 0.123823, 0.834068, 0.957891
2000, 85000, 2.502856, 0.123536, 0.858082, 0.981618
2000, 86000, 2.557155, 0.124399, 0.892559, 1.016958
2000, 87000, 2.548346, 0.123954, 0.866462, 0.990417
2000, 88000, 2.587163, 0.124234, 0.888188, 1.012422
2000, 89000, 2.613346, 0.123882, 0.898117, 1.021999
2000, 90000, 2.664946, 0.124489, 0.931023, 1.055512
2000, 91000, 2.653796, 0.123189, 0.904256, 1.027445
2000, 92000, 2.698718, 0.123877, 0.929705, 1.053583
2000, 93000, 2.722043, 0.123595, 0.936849, 1.060444
2000, 94000, 2.735722, 0.124488, 0.931849, 1.056337
2000, 95000, 2.777424, 0.123232, 0.957458, 1.080690
2000, 96000, 2.808822, 0.124481, 0.969118, 1.093599
2000, 97000, 2.831849, 0.123343, 0.975652, 1.098996
2000, 98000, 2.861160, 0.125071, 0.986485, 1.111557
2000, 99000, 2.887529, 0.123451, 0.996767, 1.120218
2000, 100000, 2.910182, 0.123459, 1.002467, 1.125926
2000, 101000, 2.942113, 0.124600, 1.014241, 1.138841
2000, 102000, 2.970181, 0.125263, 1.024927, 1.150191
2000, 103000, 2.998851, 0.124864, 1.035437, 1.160301
2000, 104000, 3.025552, 0.127009, 1.043098, 1.170106
2000, 105000, 3.049696, 0.123449, 1.053186, 1.176634
2000, 106000, 3.117476, 0.123962, 1.100820, 1.224782
2000, 107000, 3.150228, 0.123153, 1.119287, 1.242440
2000, 108000, 3.191539, 0.125181, 1.140617, 1.265798
2000, 109000, 3.141520, 0.123220, 1.074551, 1.197771
2000, 110000, 3.187187, 0.124863, 1.102365, 1.227228
2000, 111000, 3.195444, 0.123265, 1.093271, 1.216536
2000, 112000, 3.221098, 0.123738, 1.101704, 1.225442
2000, 113000, 3.273772, 0.124900, 1.135015, 1.259915
2000, 114000, 3.303846, 0.124814, 1.146984, 1.271798
2000, 115000, 3.329928, 0.124254, 1.157050, 1.281303
2000, 116000, 3.354013, 0.126160, 1.160268, 1.286427
2000, 117000, 3.380488, 0.123904, 1.172082, 1.295986
2000, 118000, 3.385495, 0.124752, 1.158488, 1.283240
2000, 119000, 3.437934, 0.123705, 1.193525, 1.317230
2000, 120000, 3.461686, 0.126180, 1.197745, 1.323926
2000, 121000, 3.485839, 0.123586, 1.208097, 1.331683
2000, 122000, 3.547082, 0.126196, 1.249084, 1.375280
2000, 123000, 3.520572, 0.123400, 1.207347, 1.330747
2000, 124000, 3.571083, 0.126215, 1.237051, 1.363266
2000, 125000, 3.595935, 0.123503, 1.246785, 1.370288
2000, 126000, 3.625411, 0.124505, 1.256725, 1.381230
2000, 127000, 3.657885, 0.125494, 1.271676, 1.397169
2000, 128000, 3.700273, 0.127629, 1.295011, 1.422640
2000, 129000, 3.711623, 0.124335, 1.291767, 1.416102
2000, 130000, 3.735276, 0.125933, 1.296568, 1.422501
2000, 131000, 3.761388, 0.123592, 1.307803, 1.431394
2000, 132000, 3.791014, 0.125332, 1.317834, 1.443167
2000, 133000, 3.813609, 0.122911, 1.326140, 1.449051
2000, 134000, 3.882745, 0.125500, 1.373928, 1.499428
2000, 135000, 3.846474, 0.123131, 1.322250, 1.445380
2000, 136000, 3.897570, 0.125449, 1.352797, 1.478246
2000, 137000, 3.925386, 0.124676, 1.363556, 1.488231
2000, 138000, 3.954002, 0.126728, 1.374097, 1.500825
2000, 139000, 3.978651, 0.122753, 1.384325, 1.507078
2000, 140000, 4.026102, 0.126480, 1.411275, 1.537755
2000, 141000, 4.033377, 0.125076, 1.401837, 1.526913
2000, 142000, 4.060386, 0.125484, 1.411163, 1.536648
2000, 143000, 4.088599, 0.124077, 1.423325, 1.547402
2000, 144000, 4.122403, 0.126692, 1.435997, 1.562689
2000, 145000, 4.180593, 0.125879, 1.478234, 1.604113
2000, 146000, 4.160467, 0.126637, 1.437732, 1.564369
2000, 147000, 4.198004, 0.123595, 1.462389, 1.585984
2000, 148000, 4.264052, 0.124781, 1.508069, 1.632850
2000, 149000, 4.290784, 0.124128, 1.518352, 1.642480
2000, 150000, 4.258105, 0.124832, 1.468208, 1.593040
2000, 151000, 4.371181, 0.124233, 1.563773, 1.688007
2000, 152000, 4.311777, 0.126465, 1.486330, 1.612795
2000, 153000, 4.408438, 0.124393, 1.565258, 1.689651
2000, 154000, 4.427264, 0.124852, 1.565202, 1.690054
2000, 155000, 4.418133, 0.125221, 1.539474, 1.664695
2000, 156000, 4.510363, 0.125575, 1.613851, 1.739426
2000, 157000, 4.446518, 0.122976, 1.535918, 1.658894
2000, 158000, 4.551287, 0.127191, 1.617337, 1.744528
2000, 159000, 4.502938, 0.123883, 1.557029, 1.680912
2000, 160000, 4.555884, 0.125578, 1.588113, 1.713691
2000, 161000, 4.583216, 0.124223, 1.599262, 1.723486
2000, 162000, 4.615143, 0.126317, 1.614390, 1.740707
2000, 163000, 4.634086, 0.124132, 1.617376, 1.741508
2000, 164000, 4.703399, 0.125755, 1.666165, 1.791920
2000, 165000, 4.663271, 0.126174, 1.608231, 1.734405
2000, 166000, 4.716277, 0.125485, 1.646509, 1.771994
2000, 167000, 4.743010, 0.125676, 1.652494, 1.778170
2000, 168000, 4.770821, 0.124853, 1.665423, 1.790277
2000, 169000, 4.800900, 0.124259, 1.678937, 1.803196
2000, 170000, 4.828963, 0.125117, 1.687661, 1.812778
2000, 171000, 4.865973, 0.132384, 1.698114, 1.830498
2000, 172000, 4.884903, 0.127286, 1.703621, 1.830907
2000, 173000, 4.965007, 0.125480, 1.770339, 1.895819
2000, 174000, 4.909794, 0.125018, 1.697816, 1.822833
2000, 175000, 4.967023, 0.124023, 1.739503, 1.863526
2000, 176000, 4.989002, 0.124951, 1.742975, 1.867926
2000, 177000, 5.062024, 0.130542, 1.793720, 1.924262
2000, 178000, 5.020154, 0.125453, 1.737447, 1.862900
2000, 179000, 5.075299, 0.124784, 1.774347, 1.899131
2000, 180000, 5.079642, 0.126003, 1.760895, 1.886898
2000, 181000, 5.152782, 0.125347, 1.815840, 1.941187
2000, 182000, 5.152911, 0.125840, 1.800537, 1.926378
2000, 183000, 5.182402, 0.126204, 1.809094, 1.935298
2000, 184000, 5.253415, 0.126009, 1.863898, 1.989907
2000, 185000, 5.209761, 0.123789, 1.803578, 1.927367
2000, 186000, 5.265685, 0.125566, 1.839728, 1.965294
2000, 187000, 5.291313, 0.123979, 1.851730, 1.975709
2000, 188000, 5.370722, 0.129037, 1.907036, 2.036073
2000, 189000, 5.318828, 0.124390, 1.843385, 1.967776
2000, 190000, 5.378596, 0.125919, 1.883424, 2.009343
2000, 191000, 5.361976, 0.123513, 1.854129, 1.977643
2000, 192000, 5.433921, 0.126612, 1.903401, 2.030013
2000, 193000, 5.421876, 0.125437, 1.876407, 2.001845
2000, 194000, 5.487945, 0.126846, 1.922797, 2.049643
2000, 195000, 5.505770, 0.124304, 1.926945, 2.051249
2000, 196000, 5.595060, 0.126514, 1.993470, 2.119984
2000, 197000, 5.531824, 0.123492, 1.916050, 2.039542
2000, 198000, 5.649234, 0.125664, 2.014537, 2.140202
2000, 199000, 5.621505, 0.127111, 1.967474, 2.094585
2000, 200000, 5.646520, 0.125983, 1.974050, 2.100033
